<?xml version="1.0" encoding="UTF-8" ?>
<!DOCTYPE log4j:configuration SYSTEM "log4j.dtd">

<log4j:configuration xmlns:log4j="http://jakarta.apache.org/log4j/">
        
  <appender name="consola" class="org.apache.log4j.ConsoleAppender">
    <layout class="org.apache.log4j.PatternLayout">
	  <param name="ConversionPattern" value="%d{MMM dd HH:mm:ss} [%t] %-0p - %m%n"/>
	</layout>
  </appender>

  <appender name="archivo" class="org.apache.log4j.FileAppender">
	<param name="File" value="activia.log"/>
    <layout class="org.apache.log4j.PatternLayout">
	  <param name="ConversionPattern" value="%d{MMM dd HH:mm:ss} [%t] %-0p - %m%n"/>
	</layout>
  </appender>

  <root>
    <!-- los valores para priority son: debug info warn error fatal -->
    <priority value ="debug" />

    <appender-ref ref="archivo"/>
	<!-- descomentar el la siguiente entrada para que loguee en la consola -->
    <appender-ref ref="consola"/>
  </root>

</log4j:configuration> 
